comparison,diff_original,diff_boot_mean,ci_2_5,ci_97_5,significant_95pct
T-Learner minus S-Learner,24.313136143672978,24.103092051774112,19.341654771843327,29.31894507256298,True
T-Learner minus BASE_PD,-6.079115989086517,-6.008594236778277,-9.816951181016984,-2.480366805673143,True
S-Learner minus BASE_PD,-30.392252132759495,-30.111686288552388,-36.46787373266195,-24.364637519645665,True
T-Learner minus CatBoost-risk (all),120.28585242185451,119.86409845351574,102.57215022025174,136.68538247026967,True
S-Learner minus CatBoost-risk (all),95.97271627818154,95.76100640174161,80.07718433935749,111.47648792105441,True
T-Learner minus Logged-policy oracle,-75.47134062433645,-72.4818736129425,-85.05738029461362,-58.77221435177756,True
