split,n,current_prevented_pd_sum,counterfactual_prevented_pd_sum,current_value_mln_rub,counterfactual_value_mln_rub,current_cost_mln_rub,counterfactual_cost_mln_rub,current_net_mln_rub,counterfactual_net_mln_rub,raw_effect_share_current_vs_counterfactual,net_share_current_vs_counterfactual,current_contact_rate_pct,counterfactual_contact_rate_pct
test,61502,149.8989617031982,1038.9017240992885,35.97575080876757,249.33641378382924,0.73446,5.473825,35.24129080876757,243.86258878382924,0.14428598800638073,0.14451290369925104,9.754154336444342,97.88624760170401
oot,61503,156.23885795630179,1042.1886299321086,37.49732590951243,250.12527118370608,0.765295,5.453465,36.73203090951243,244.67180618370608,0.14991418392894929,0.15012776291001445,10.03690876867795,97.86514478968506
test+oot,123005,306.1378196595,2081.0903540313975,73.47307671828,499.4616849675354,1.499755,10.92729,71.97332171828,488.5343949675354,0.1471045305968879,0.14732498358291202,9.895532701922686,97.87569610991423
